{
  "Logging": {
    "LogLevel": {
      "Default": "Information",
      "Microsoft": "Warning",
      "Microsoft.Hosting.Lifetime": "Information"
    }
  },
  "AllowedHosts": "*"
}


//connection string model
{
  "ConnectionStrings": {
    "SQLConnection": "Server=tcp:testserver1209.database.windows.net,1433;Initial Catalog=test-db;Persist Security Info=False;User ID=testuser;Password=Microsoft-001;MultipleActiveResultSets=False;Encrypt=True;TrustServerCertificate=False;Connection Timeout=30;"
  } 
}
